Time,Solar8000/PLETH_SPO2
1.818,96
3.817,96
5.818,97
7.817,96
9.817,96
11.817,96
13.816,97
15.815,97
17.815,97
19.814,97
21.814,97
23.814,97
25.814,97
27.812,97
29.811,97
31.812,97
33.81,97
35.812,97
37.81,96
39.809,96
41.825,96
43.824,96
45.825,96
47.823,97
49.823,97
51.822,97
53.823,98
55.822,98
57.82,98
59.82,98
61.82,98
63.819,98
65.819,98
67.819,98
69.819,97
71.818,97
73.817,97
75.817,97
77.818,97
79.816,97
81.815,97
83.815,97
85.815,97
87.814,97
89.814,97
91.814,97
93.813,97
95.813,97
97.812,97
99.812,97
101.828,97
103.827,97
105.826,97
107.826,97
109.826,97
111.826,97
113.825,97
115.824,97
117.823,97
119.824,97
121.822,97
123.822,97
125.821,97
127.821,97
129.819,97
131.82,97
133.821,97
135.819,97
137.819,97
139.819,97
141.818,97
143.833,97
145.817,97
147.833,97
149.832,97
151.835,97
153.83,97
155.83,98
157.83,98
159.829,98
161.83,98
163.83,98
165.829,97
167.828,98
169.826,98
171.826,98
173.826,98
175.825,97
177.825,97
179.826,97
181.829,97
183.825,97
185.824,97
187.839,97
189.838,97
191.838,97
193.838,97
195.837,97
197.837,97
199.836,97
201.836,98
203.836,98
205.835,98
207.834,98
209.834,98
211.833,98
213.832,98
215.832,98
217.831,98
219.831,99
221.847,99
223.848,99
225.846,99
227.846,100
229.845,100
231.844,100
233.844,100
235.843,100
237.843,100
239.842,100
241.843,100
243.842,100
245.841,100
247.841,100
249.841,100
251.841,100
253.839,100
255.839,100
257.838,100
259.838,100
261.837,100
263.837,100
265.852,100
267.853,100
269.853,100
271.852,100
273.851,100
275.85,100
277.85,100
279.849,100
281.85,100
283.848,100
285.847,100
287.847,100
289.846,100
291.847,100
293.845,100
295.846,100
297.845,100
299.844,100
301.844,100
303.845,100
305.844,100
307.843,100
309.842,100
311.842,100
313.841,100
315.842,100
317.841,100
319.841,100
321.841,100
323.84,100
325.839,100
327.839,100
329.837,100
331.837,100
333.836,100
335.837,100
337.852,100
339.852,100
341.85,100
343.851,100
345.849,100
347.848,100
349.849,100
351.849,100
353.848,100
355.848,98
357.847,98
359.848,100
361.846,100
363.845,100
365.847,100
367.845,100
369.845,100
371.844,100
373.844,100
375.844,100
377.843,100
379.843,100
381.842,100
383.842,100
385.84,100
387.841,100
389.856,100
391.856,100
393.855,100
395.854,99
397.853,99
399.853,99
401.854,100
403.853,100
405.852,100
407.853,100
409.85,100
411.851,100
413.85,100
415.854,100
417.849,100
419.848,100
421.848,100
423.847,100
425.847,100
427.847,100
429.847,100
431.846,100
433.845,100
435.847,100
437.845,100
439.844,100
441.844,100
443.843,100
445.843,100
447.842,100
449.841,100
451.858,100
453.857,100
455.858,100
457.856,100
459.855,100
461.854,100
463.855,100
465.853,100
467.854,100
469.853,100
471.853,100
473.851,100
475.853,100
477.851,100
479.85,100
481.851,100
483.849,100
485.853,100
487.849,100
489.848,100
491.848,100
493.864,100
495.847,100
497.862,100
499.862,100
501.862,100
503.861,100
505.861,100
507.859,100
509.86,100
511.859,100
513.858,100
515.858,100
517.857,100
519.858,100
521.856,100
523.858,100
525.856,100
527.855,100
529.855,100
531.855,100
533.87,100
535.869,100
537.87,100
539.868,100
541.868,100
543.867,100
545.867,100
547.868,100
549.865,100
551.865,100
553.867,100
555.866,100
557.864,100
559.865,100
561.863,100
563.864,100
565.863,100
567.862,100
569.861,100
571.861,100
573.861,100
575.862,100
577.859,100
579.858,100
581.874,100
583.875,100
585.874,100
587.873,100
589.872,100
591.873,100
593.872,100
595.874,100
597.87,100
599.87,100
601.871,100
603.869,100
605.87,100
607.868,100
609.868,100
611.868,100
613.868,100
615.868,100
617.867,100
619.867,100
621.865,100
623.865,100
625.865,100
627.864,100
629.864,100
631.863,100
633.862,100
635.865,100
637.861,100
639.862,100
641.86,100
643.86,100
645.861,100
647.86,100
649.875,100
651.875,100
653.875,100
655.875,100
657.873,100
659.872,100
661.873,100
663.872,100
665.871,100
667.87,100
669.871,100
671.87,100
673.869,100
675.869,100
677.869,100
679.868,100
681.868,100
683.868,100
685.87,100
687.866,100
689.866,100
691.866,100
693.865,100
695.865,100
697.863,100
699.863,100
701.88,100
703.877,100
705.861,100
707.877,100
709.878,100
711.877,100
713.877,100
715.878,100
717.875,100
719.875,100
721.873,100
723.875,100
725.873,100
727.872,100
729.871,100
731.871,100
733.872,100
735.873,100
737.87,100
739.869,100
741.869,100
743.87,100
745.868,100
747.868,100
749.883,100
751.882,100
753.882,100
755.887,100
757.881,100
759.881,100
761.881,100
763.88,100
765.88,100
767.879,100
769.878,100
771.879,100
773.878,100
775.878,100
777.879,100
779.877,100
781.876,100
783.877,100
785.875,100
787.875,100
789.889,100
791.873,100
793.874,100
795.888,100
797.872,100
799.871,100
801.887,100
803.887,100
805.886,100
807.886,100
809.885,100
811.886,100
813.885,100
815.887,100
817.883,100
819.883,100
821.882,100
823.882,100
825.882,100
827.881,100
829.882,100
831.881,100
833.881,100
835.88,100
837.878,100
839.878,100
841.877,100
843.877,100
845.878,100
847.877,100
849.876,100
851.875,100
853.875,100
855.89,100
857.891,100
859.889,100
861.889,100
863.889,100
865.89,100
867.888,100
869.887,100
871.887,100
873.886,100
875.885,100
877.885,100
879.886,100
881.886,100
883.885,100
885.884,100
887.883,100
889.881,100
891.882,100
893.897,100
895.898,100
897.898,100
899.897,100
901.896,100
903.896,100
905.896,100
907.894,99
909.894,100
911.894,100
913.893,100
915.893,100
917.893,100
919.891,100
921.892,100
923.89,100
925.893,100
927.89,100
929.889,100
931.888,100
933.888,100
935.903,100
937.903,100
939.903,100
941.903,100
943.902,100
945.901,100
947.901,100
949.901,100
951.9,100
953.899,100
955.903,100
957.899,100
959.898,100
961.898,100
963.898,100
965.897,100
967.898,100
969.897,100
971.895,100
973.895,100
975.895,100
977.894,100
979.894,100
981.893,100
983.892,100
985.892,100
987.908,100
989.908,100
991.906,100
993.907,100
995.905,100
997.905,100
999.905,100
1001.9,100
1003.9,100
1005.9,100
1007.9,100
1009.9,100
1011.9,100
1013.9,100
1015.9,100
1017.9,100
1019.9,100
1021.9,100
1023.9,100
1025.9,100
1027.9,100
1029.9,100
1031.9,100
1033.9,100
1035.9,100
1037.89,100
1039.9,100
1041.91,100
1043.91,100
1045.91,100
1047.91,100
1049.91,100
1051.91,100
1053.91,100
1055.91,100
1057.91,100
1059.91,100
1061.91,100
1063.9,100
1065.91,100
1067.91,100
1069.9,100
1071.92,100
1073.92,100
1075.92,100
1077.92,100
1079.92,100
1081.92,100
1083.92,100
1085.92,100
1087.91,100
1089.91,100
1091.91,100
1093.91,100
1095.91,100
1097.91,100
1099.91,100
1101.91,100
1103.91,100
1105.91,100
1107.91,100
1109.93,100
1111.93,100
1113.93,100
1115.93,100
1117.93,100
1119.92,100
1121.92,100
1123.92,100
1125.92,100
1127.92,100
1129.92,100
1131.92,100
1133.92,100
1135.92,100
1137.92,100
1139.92,100
1141.92,100
1143.92,100
1145.92,100
1147.92,100
1149.92,100
1151.92,100
1153.92,100
1155.92,100
1157.92,100
1159.92,100
1161.92,100
1163.91,100
1165.91,100
1167.91,100
1169.93,100
1171.93,100
1173.93,100
1175.93,100
1177.93,100
1179.93,100
1181.93,100
1183.93,100
1185.93,100
1187.92,100
1189.92,100
1191.92,100
1193.92,100
1195.92,100
1197.92,100
1199.92,100
1201.92,100
1203.92,100
1205.92,100
1207.92,100
1209.92,100
1211.92,100
1213.93,100
1215.94,100
1217.93,100
1219.92,100
1221.93,100
1223.93,100
1225.93,100
1227.93,100
1229.93,100
1231.93,100
1233.93,100
1235.93,100
1237.93,100
1239.93,100
1241.93,100
1243.93,100
1245.93,100
1247.93,100
1249.93,100
1251.93,100
1253.92,100
1255.93,100
1257.92,100
1259.92,100
1261.92,100
1263.92,100
1265.92,100
1267.92,100
1269.92,100
1271.94,100
1273.94,100
1275.94,100
1277.93,100
1279.93,100
1281.94,100
1283.93,100
1285.94,100
1287.93,100
1289.93,100
1291.93,100
1293.93,100
1295.93,100
1297.93,100
1299.93,100
1301.93,100
1303.93,100
1305.93,100
1307.93,100
1309.93,100
1311.93,100
1313.93,100
1315.94,100
1317.94,100
1319.94,100
1321.94,100
1323.94,100
1325.94,100
1327.94,100
1329.94,100
1331.94,100
1333.94,100
1335.94,100
1337.94,100
1339.94,100
1341.94,100
1343.94,100
1345.94,100
1347.93,100
1349.93,100
1351.93,100
1353.93,100
1355.93,100
1357.93,100
1359.93,100
1361.95,100
1363.93,100
1365.93,100
1367.93,100
1369.95,100
1371.95,100
1373.95,100
1375.95,100
1377.94,100
1379.94,100
1381.94,100
1383.94,100
1385.94,100
1387.94,100
1389.94,100
1391.94,100
1393.94,100
1395.94,100
1397.94,100
1399.94,100
1401.96,100
1403.95,100
1405.96,100
1407.95,100
1409.95,100
1411.95,100
1413.95,100
1415.95,100
1417.95,100
1419.95,100
1421.95,100
1423.95,100
1425.95,100
1427.95,100
1429.95,100
1431.95,100
1433.95,100
1435.95,100
1437.95,100
1439.95,100
1441.95,100
1443.95,100
1445.94,100
1447.94,100
1449.94,100
1451.96,100
1453.96,100
1455.96,100
1457.96,100
1459.96,100
1461.96,100
1463.96,100
1465.96,100
1467.95,100
1469.95,100
1471.95,100
1473.95,100
1475.95,100
1477.95,100
1479.95,100
1481.95,100
1483.95,100
1485.95,100
1487.95,100
1489.95,100
1491.95,100
1493.95,100
1495.95,100
1497.95,100
1499.95,100
1501.95,100
1503.95,100
1505.95,100
1507.95,100
1509.96,100
1511.96,100
1513.96,100
1515.96,100
1517.96,100
1519.96,100
1521.96,100
1523.96,100
1525.96,100
1527.96,100
1529.96,100
1531.96,100
1533.96,100
1535.96,100
1537.96,100
1539.95,100
1541.95,100
1543.95,100
1545.95,100
1547.95,100
1549.95,100
1551.95,100
1553.95,100
1555.95,100
1557.95,100
1559.95,100
1561.95,100
1563.95,100
1565.96,100
1567.96,100
1569.96,100
1571.96,100
1573.96,100
1575.96,100
1577.96,100
1579.96,100
1581.96,100
1583.96,100
1585.96,100
1587.96,100
1589.96,100
1591.96,100
1593.96,100
1595.96,100
1597.96,100
1599.96,100
1601.96,100
1603.96,100
1605.96,100
1607.95,100
1609.95,100
1611.95,100
1613.95,100
1615.95,100
1617.95,100
1619.97,100
1621.97,100
1623.97,100
1625.97,100
1627.95,100
1629.97,100
1631.97,100
1633.96,100
1635.97,100
1637.96,100
1639.96,100
1641.96,100
1643.96,100
1645.96,100
1647.96,100
1649.96,100
1651.96,100
1653.96,100
1655.96,100
1657.96,100
1659.96,100
1661.96,100
1663.96,100
1665.96,100
1667.96,100
1669.96,100
1671.96,100
1673.96,100
1675.97,100
1677.97,100
1679.97,100
1681.97,100
1683.97,100
1685.97,100
1687.97,100
1689.97,100
1691.97,100
1693.97,100
1695.97,100
1697.97,100
1699.97,100
1701.97,100
1703.96,100
1705.96,100
1707.96,100
1709.96,100
1711.96,100
1713.96,100
1715.96,100
1717.96,100
1719.96,100
1721.98,100
1723.98,100
1725.96,100
1727.97,100
1729.97,100
1731.97,100
1733.97,100
1735.97,100
1737.97,100
1739.97,100
1741.97,100
1743.97,100
1745.97,100
1747.97,100
1749.97,100
1751.97,100
1753.97,100
1755.97,100
1757.97,100
1759.97,100
1761.97,100
1763.97,100
1765.97,100
1767.97,100
1769.96,100
1771.97,100
1773.96,100
1775.98,100
1777.98,100
1779.98,100
1781.98,100
1783.98,100
1785.98,100
1787.98,100
1789.98,100
1791.98,100
1793.98,100
1795.98,100
1797.98,100
1799.97,100
1801.97,100
1803.97,100
1805.97,100
1807.97,100
1809.97,100
1811.97,100
1813.97,100
1815.97,100
1817.97,100
1819.97,100
1821.97,100
1823.97,100
1825.98,100
1827.98,100
1829.98,100
1831.98,100
1833.98,100
1835.98,100
1837.98,100
1839.98,100
1841.98,100
1843.98,100
1845.98,100
1847.98,100
1849.98,100
1851.98,100
1853.98,100
1855.98,100
1857.98,100
1859.99,100
1861.99,100
1863.98,100
1865.97,100
1867.99,100
1869.99,100
1871.99,100
1873.99,100
1875.99,100
1877.99,100
1879.99,100
1881.99,100
1883.99,100
1885.99,100
1887.98,100
1889.98,100
1891.99,100
1893.98,100
1895.98,100
1897.98,100
1899.98,100
1901.98,100
1903.98,100
1905.98,100
1907.98,100
1910.0,100
1912.0,100
1913.99,100
1916.0,100
1917.99,100
1919.99,100
1921.99,100
1923.99,100
1925.99,100
1927.99,100
1929.99,100
1931.99,100
1933.99,100
1935.99,100
1937.99,100
1939.99,100
1941.99,100
1943.99,100
1945.99,100
1947.99,100
1949.99,100
1951.99,100
1953.99,100
1955.99,100
1957.98,100
1959.98,100
1961.98,100
1963.98,100
1965.98,100
1967.98,100
1969.98,100
1972.0,100
1974.0,100
1975.98,100
1978.0,100
1980.0,100
1981.99,100
1983.99,100
1985.99,100
1987.99,100
1989.99,100
1991.99,100
1993.99,100
1996.0,100
1997.99,100
1999.99,100
2001.99,100
2003.99,100
2005.99,100
2007.99,100
2009.99,100
2011.99,100
2013.99,100
2015.99,100
2017.99,100
2020.0,100
2021.99,100
2023.99,100
2026.0,100
2028.0,100
2030.0,100
2032.0,100
2034.0,100
2036.0,100
2038.0,100
2040.0,100
2042.0,100
2044.0,100
2046.0,100
2048.0,100
2050.0,100
2052.0,100
2053.99,100
2055.99,100
2057.99,100
2059.99,100
2061.99,100
2063.99,100
2065.99,100
2067.99,100
2069.99,100
2071.99,100
2073.99,100
2075.99,100
2077.99,100
2079.99,100
2081.99,100
2083.99,100
2085.99,100
2087.99,100
2089.99,100
2091.99,100
2094.0,100
2096.0,100
2098.0,100
2100.0,100
2102.0,100
2104.0,100
2106.0,100
2108.0,100
2110.0,100
2112.0,100
2114.0,100
2116.0,100
2118.0,100
2119.99,100
2121.99,100
2123.99,100
2125.99,100
2127.99,100
2129.99,100
2131.99,100
2133.99,100
2135.99,100
2137.99,100
2140.01,99
2142.01,99
2143.99,100
2146.0,100
2148.0,100
2150.0,100
2152.0,100
2154.01,100
2156.0,100
2158.0,100
2160.0,100
2162.0,100
2164.0,100
2166.0,100
2168.0,100
2170.0,100
2172.0,100
2174.0,100
2176.0,100
2178.0,100
2180.0,100
2182.0,100
2184.0,100
2186.0,100
2188.01,100
2190.01,100
2192.01,100
2194.01,100
2196.01,100
2198.01,100
2200.01,100
2202.01,100
2204.01,100
2206.01,100
2208.01,100
2210.01,100
2212.01,100
2214.01,100
2216.0,100
2218.0,100
2220.0,100
2222.0,100
2224.0,100
2226.0,100
2228.0,100
2230.0,100
2232.0,100
2234.0,100
2236.0,100
2238.0,100
2240.01,100
2242.0,100
2244.0,100
2246.01,100
2248.01,100
2250.01,100
2252.01,100
2254.01,100
2256.01,100
2258.01,100
2260.01,100
2262.01,100
2264.01,100
2266.01,100
2268.01,100
2270.01,100
2272.01,100
2274.01,100
2276.01,100
2278.01,100
2280.01,100
2282.01,100
2284.0,100
2286.01,100
2288.0,100
2290.0,100
2292.0,100
2294.0,100
2296.0,100
2298.0,100
2300.0,100
2302.0,100
2304.0,100
2306.0,100
2308.0,100
2310.0,100
2312.01,100
2314.01,100
2316.02,100
2318.01,100
2320.01,100
2322.01,100
2324.01,100
2326.01,100
2328.01,100
2330.01,100
2332.01,100
2334.01,100
2336.01,100
2338.01,100
2340.01,100
2342.01,100
2344.01,100
2346.01,100
2348.01,100
2350.0,100
2352.0,100
2354.0,100
2356.0,100
2358.0,100
2360.0,100
2362.0,100
2364.0,100
2366.02,100
2368.02,100
2370.02,100
2372.02,100
2374.02,100
2376.01,100
2378.01,100
2380.01,100
2382.01,100
2384.01,100
2386.01,100
2388.01,100
2390.01,100
2392.01,100
2394.01,100
2396.01,100
2398.01,100
2400.03,100
2402.03,100
2404.02,100
2406.02,100
2408.02,100
2410.02,100
2412.02,100
2414.02,100
2416.02,100
2418.02,100
2420.02,100
2422.02,100
2424.02,100
2426.02,100
2428.02,100
2430.04,100
2432.03,100
2434.03,100
2436.03,100
2438.03,100
2440.03,100
2442.03,100
2444.03,100
2446.03,100
2448.03,100
2450.03,100
2452.03,100
2454.03,100
2456.03,100
2458.03,100
2460.03,100
2462.03,100
2464.03,100
2466.03,100
2468.02,100
2470.02,100
2472.02,100
2474.02,100
2476.02,100
2478.02,100
2480.02,100
2482.02,100
2484.02,100
2486.02,100
2488.02,100
2490.02,100
2492.02,100
2494.02,100
2496.03,100
2498.03,100
2500.03,100
2502.03,100
2504.03,100
2506.03,100
2508.03,100
2510.03,100
2512.03,100
2514.03,100
2516.03,100
2518.03,100
2520.03,100
2522.03,100
2524.03,100
2526.03,100
2528.03,100
2530.03,100
2532.04,100
2534.04,100
2536.04,100
2538.04,100
2540.04,100
2542.04,100
2544.04,100
2546.04,100
2548.04,100
2550.04,100
2552.04,100
2554.04,100
2556.04,100
2558.04,100
2560.04,100
2562.04,100
2564.03,100
2566.03,100
2568.03,100
2570.03,100
2572.03,100
2574.03,100
2576.03,100
2578.05,100
2580.03,100
2582.03,100
2584.03,100
2586.05,100
2588.05,100
2590.04,100
2592.05,100
2594.04,100
2596.04,100
2598.04,100
2600.04,100
2602.04,100
2604.04,100
2606.04,100
2608.04,100
2610.04,100
2612.04,100
2614.04,100
2616.04,100
2618.04,100
2620.04,100
2622.04,100
2624.04,100
2626.04,100
2628.05,100
2630.05,100
2632.05,100
2634.05,100
2636.05,100
2638.05,100
2640.05,100
2642.05,100
2644.05,100
2646.05,100
2648.05,100
2650.05,100
2652.05,100
2654.05,100
2656.05,100
2658.05,100
2660.05,100
2662.04,100
2664.04,100
2666.05,100
2668.06,100
2670.06,100
2672.06,100
2674.06,100
2676.06,100
2678.06,100
2680.06,100
2682.06,100
2684.06,100
2686.06,100
2688.05,100
2690.05,100
2692.05,100
2694.05,100
2696.05,100
2698.05,100
2700.05,100
2702.05,100
2704.05,100
2706.05,100
2708.05,100
2710.05,100
2712.05,100
2714.05,100
2716.05,100
2718.05,100
2720.06,100
2722.06,100
2724.06,100
2726.06,100
2728.06,100
2730.06,100
2732.06,100
2734.06,100
2736.06,100
2738.06,100
2740.06,100
2742.06,100
2744.06,100
2746.06,100
2748.06,100
2750.06,100
2752.06,100
2754.05,100
2756.06,100
2758.05,100
2760.07,100
2762.07,100
2764.07,100
2766.07,100
2768.07,100
2770.07,100
2772.07,100
2774.06,100
2776.07,100
2778.06,100
2780.06,100
2782.06,100
2784.06,100
2786.06,100
2788.06,100
2790.06,100
2792.06,100
2794.06,100
2796.06,100
2798.06,100
2800.06,100
2802.06,100
2804.06,100
2806.06,100
2808.06,100
2810.06,100
2812.07,100
2814.07,100
2816.07,100
2818.07,100
2820.07,100
2822.07,100
2824.07,100
2826.07,100
2828.07,100
2830.07,100
2832.07,100
2834.07,100
2836.07,100
2838.07,100
2840.07,100
2842.07,100
2844.07,100
2846.06,100
2848.06,100
2850.06,100
2852.06,100
2854.06,100
2856.06,100
2858.08,100
2860.08,100
2862.08,100
2864.08,100
2866.08,100
2868.08,100
2870.07,100
2872.08,100
2874.08,100
2876.07,100
2878.07,100
2880.07,100
2882.07,100
2884.07,100
2886.07,100
2888.07,100
2890.07,100
2892.07,100
2894.09,100
2896.07,100
2898.07,100
2900.08,100
2902.09,100
2904.08,100
2906.08,100
2908.08,100
2910.08,100
2912.08,100
2914.08,100
2916.08,100
2918.08,100
2920.08,100
2922.08,100
2924.08,100
2926.08,100
2928.08,100
2930.08,100
2932.08,100
2934.08,100
2936.08,100
2938.08,100
2940.07,100
2942.08,100
2944.07,100
2946.07,100
2948.07,100
2950.07,100
2952.07,100
2954.07,100
2956.07,100
2958.07,100
2960.09,100
2962.09,100
2964.09,100
2966.09,100
2968.09,100
2970.09,100
2972.08,100
2974.08,100
2976.08,100
2978.08,99
2980.08,100
2982.08,100
2984.08,100
2986.08,100
2988.08,100
2990.08,100
2992.08,100
2994.08,100
2996.08,99
2998.09,99
3000.09,99
3002.09,99
3004.09,99
3006.09,99
3008.09,99
3010.09,99
3012.09,99
3014.09,99
3016.09,99
3018.09,99
3020.09,99
3022.09,99
3024.09,99
3026.09,99
3028.09,99
3030.09,99
3032.09,99
3034.09,99
3036.09,99
3038.08,99
3040.08,99
3042.08,99
3044.08,99
3046.08,99
3048.08,99
3050.08,99
3052.08,99
3054.08,99
3056.1,99
3058.1,99
3060.09,99
3062.09,99
3064.1,99
3066.09,99
3068.09,99
3070.09,99
3072.09,99
3074.09,99
3076.09,99
3078.09,99
3080.09,99
3082.09,99
3084.09,99
3086.09,99
3088.09,99
3090.09,99
3092.09,99
3094.09,99
3096.09,99
3098.09,99
3100.09,99
3102.08,99
3104.08,99
3106.08,99
3108.1,99
3110.1,99
3112.1,99
3114.1,99
3116.1,99
3118.1,99
3120.1,99
3122.1,99
3124.1,99
3126.1,99
3128.1,99
3130.1,99
3132.09,99
3134.09,99
3136.09,99
3138.09,99
3140.09,99
3142.09,99
3144.09,99
3146.09,99
3148.09,99
3150.09,99
3152.09,99
3154.09,99
3156.09,99
3158.09,99
3160.09,99
3162.1,99
3164.1,99
3166.1,99
3168.1,99
3170.1,99
3172.1,99
3174.1,99
3176.1,99
3178.1,99
3180.1,99
3182.1,99
3184.1,99
3186.1,99
3188.1,99
3190.1,99
3192.1,99
3194.1,99
3196.1,99
3198.1,99
3200.09,99
3202.09,99
3204.09,99
3206.09,99
3208.09,99
3210.09,99
3212.09,99
3214.09,99
3216.09,99
3218.09,99
3220.11,99
3222.11,98
3224.1,98
3226.1,98
3228.1,98
3230.1,98
3232.1,98
3234.1,98
3236.1,98
3238.1,98
3240.1,98
3242.1,98
3244.1,98
3246.1,98
3248.1,98
3250.1,98
3252.1,98
3254.1,98
3256.1,98
3258.1,98
3260.1,98
3262.1,98
3264.1,98
3266.1,98
3268.1,98
3270.09,98
3272.09,98
3274.11,98
3276.09,98
3278.11,98
3280.11,98
3282.11,98
3284.11,98
3286.11,98
3288.11,98
3290.1,98
3292.1,98
3294.1,98
3296.1,98
3298.1,98
3300.11,98
3302.1,98
3304.1,98
3306.1,98
3308.1,98
3310.1,98
3312.1,98
3314.1,98
3316.1,98
3318.1,98
3320.1,98
3322.1,98
3324.1,98
3326.1,98
3328.1,98
3330.1,98
3332.1,98
3334.09,98
3336.09,98
3338.09,98
3340.11,98
3342.11,98
3344.11,98
3346.11,98
3348.11,98
3350.11,98
3352.11,98
3354.11,98
3356.1,98
3358.1,98
3360.11,98
3362.1,98
3364.1,98
3366.1,98
3368.1,98
3370.1,98
3372.1,98
3374.1,98
3376.1,98
3378.1,98
3380.1,98
3382.1,98
3384.1,98
3386.1,98
3388.1,98
3390.1,98
3392.11,98
3394.11,98
3396.11,98
3398.11,97
3400.11,97
3402.11,97
3404.11,97
3406.11,97
3408.11,97
3410.11,97
3412.11,97
3414.11,97
3416.11,97
3418.11,97
3420.11,97
3422.11,97
3424.11,97
3426.11,97
3428.11,97
3430.1,97
3432.1,97
3434.1,97
3436.1,97
3438.1,97
3440.1,97
3442.1,97
3444.1,97
3446.12,97
3448.12,97
3450.11,97
3452.11,97
3454.11,97
3456.11,97
3458.11,97
3460.11,97
3462.11,97
3464.11,97
3466.11,97
3468.11,97
3470.11,97
3472.11,97
3474.11,97
3476.11,97
3478.11,97
3480.11,97
3482.11,97
3484.11,97
3486.11,97
3488.11,97
3490.11,97
3492.11,97
3494.11,97
3496.1,97
3498.1,97
3500.11,97
3502.12,97
3504.1,97
3506.12,97
3508.12,97
3510.12,97
3512.12,97
3514.12,97
3516.12,97
3518.12,97
3520.12,97
3522.11,97
3524.12,97
3526.11,97
3528.11,97
3530.11,97
3532.11,97
3534.11,97
3536.11,97
3538.11,97
3540.11,97
3542.11,97
3544.11,97
3546.11,97
3548.11,97
3550.11,97
3552.11,97
3554.11,97
3556.11,97
3558.11,97
3560.11,97
3562.1,97
3564.1,97
3566.12,97
3568.12,97
3570.12,97
3572.12,97
3574.12,97
3576.12,97
3578.12,97
3580.12,97
3582.12,97
3584.12,97
3586.12,97
3588.11,97
3590.11,97
3592.11,97
3594.11,97
3596.11,97
3598.11,97
3600.11,97
3602.11,97
3604.11,97
3606.11,97
3608.11,97
3610.11,97
3612.11,97
3614.11,97
3616.12,97
3618.12,97
3620.12,97
3622.12,97
3624.12,97
3626.12,97
3628.12,97
3630.12,97
3632.12,97
3634.12,97
3636.12,97
3638.12,97
3640.12,97
3642.12,97
3644.12,96
3646.12,96
3648.12,96
3650.12,96
3652.13,96
3654.13,96
3656.13,96
3658.13,96
3660.13,96
3662.13,96
3664.13,96
3666.13,96
3668.13,96
3670.13,96
3672.13,96
3674.13,96
3676.13,96
3678.13,97
3680.13,97
3682.13,96
3684.13,96
3686.12,96
3688.14,96
3690.14,96
3692.14,96
3694.14,96
3696.14,96
3698.14,96
3700.14,96
3702.14,96
3704.13,96
3706.13,96
3708.13,96
3710.14,96
3712.13,96
3714.13,96
3716.13,96
3718.13,96
3720.13,96
3722.13,96
3724.13,96
3726.13,96
3728.13,96
3730.13,96
3732.14,96
3734.14,96
3736.15,96
3738.14,96
3740.14,96
3742.14,97
3744.14,97
3746.14,97
3748.14,96
3750.14,97
3752.14,96
3754.14,96
3756.14,96
3758.14,96
3760.14,96
3762.14,97
3764.14,97
3766.14,97
3768.14,96
3770.14,96
3772.14,96
3774.14,96
3776.13,96
3778.13,96
3780.13,97
3782.13,96
3784.13,96
3786.15,96
3788.15,96
3790.15,96
3792.15,96
3794.15,96
3796.15,96
3798.15,96
3800.15,96
3802.14,96
3804.14,96
3806.14,96
3808.14,96
3810.14,96
3812.14,96
3814.14,96
3816.14,96
3818.14,96
3820.14,96
3822.14,96
3824.14,96
3826.14,96
3828.14,96
3830.14,96
3832.14,96
3834.14,96
3836.14,96
3838.14,96
3840.13,96
3842.15,96
3844.15,96
3846.15,96
3848.15,96
3850.15,96
3852.15,96
3854.15,96
3856.15,96
3858.15,96
3860.15,96
3862.15,96
3864.14,96
3866.14,96
3868.15,96
3870.15,96
3872.14,96
3874.14,96
3876.14,96
3878.14,96
3880.14,96
3882.14,96
3884.14,96
3886.14,96
3888.14,97
3890.14,96
3892.14,96
3894.14,96
3896.14,96
3898.14,96
3900.14,96
3902.15,96
3904.15,96
3906.15,96
3908.15,96
3910.15,97
3912.15,96
3914.15,97
3916.15,96
3918.15,96
3920.15,96
3922.15,96
3924.15,96
3926.15,96
3928.15,97
3930.15,96
3932.15,96
3934.15,96
3936.14,96
3938.14,96
3940.14,96
3942.16,96
3944.16,96
3946.16,96
3948.16,96
3950.16,96
3952.16,96
3954.16,96
3956.16,96
3958.16,96
3960.16,96
3962.16,96
3964.15,96
3966.15,96
3968.15,96
3970.15,96
3972.15,96
3974.15,96
3976.15,96
3978.15,96
3980.15,96
3982.15,96
3984.15,96
3986.15,96
3988.15,96
3990.15,96
3992.15,96
3994.15,96
3996.15,96
3998.15,96
4000.15,96
4002.15,96
4004.16,96
4006.14,96
4008.16,96
4010.16,96
4012.16,96
4014.16,96
4016.16,96
4018.16,96
4020.16,96
4022.16,96
4024.16,96
4026.16,96
4028.16,96
4030.16,96
4032.15,96
4034.15,96
4036.15,96
4038.15,96
4040.15,96
4042.15,96
4044.15,96
4046.15,96
4048.15,96
4050.15,96
4052.15,96
4054.15,96
4056.17,96
4058.15,96
4060.15,96
4062.15,96
4064.16,96
4066.16,96
4068.16,96
4070.16,96
4072.16,96
4074.16,96
4076.16,96
4078.16,96
4080.16,96
4082.16,96
4084.16,96
4086.16,96
4088.16,96
4090.16,96
4092.16,96
4094.16,96
4096.15,96
4098.15,96
4100.15,96
4102.15,96
4104.15,96
4106.15,96
4108.17,96
4110.17,96
4112.17,96
4114.17,96
4116.17,96
4118.17,96
4120.16,96
4122.17,96
4124.17,96
4126.16,96
4128.16,96
4130.16,96
4132.16,96
4134.16,96
4136.16,96
4138.16,96
4140.16,96
4142.16,96
4144.16,96
4146.16,96
4148.16,96
4150.17,96
4152.17,96
4154.17,96
4156.18,96
4158.17,96
4160.18,96
4162.17,96
4164.17,96
4166.17,96
4168.17,96
4170.17,96
4172.17,96
4174.17,96
4176.17,96
4178.17,96
4180.17,96
4182.17,96
4184.17,96
4186.17,96
4188.17,96
4190.17,96
4192.16,96
4194.16,96
4196.16,96
4198.16,96
4200.16,96
4202.16,96
4204.16,96
4206.18,96
4208.18,96
4210.18,96
4212.18,96
4214.18,96
4216.18,96
4218.18,96
4220.18,96
4222.17,96
4224.17,96
4226.17,96
4228.17,96
4230.17,96
4232.17,96
4234.17,96
4236.17,96
4238.17,96
4240.17,96
4242.17,96
4244.17,96
4246.17,96
4248.17,96
4250.18,96
4252.18,96
4254.18,96
4256.18,96
4258.18,96
4260.18,96
4262.18,96
4264.18,96
4266.18,96
4268.18,96
4270.18,96
4272.18,96
4274.18,96
4276.18,96
4278.18,96
4280.18,96
4282.18,96
4284.17,96
4286.18,96
4288.17,96
4290.19,96
4292.19,96
4294.19,96
4296.19,96
4298.19,96
4300.19,96
4302.19,96
4304.19,96
4306.19,96
4308.19,96
4310.18,96
4312.18,96
4314.18,96
4316.18,96
4318.18,96
4320.18,96
4322.18,96
4324.18,96
4326.18,96
4328.18,96
4330.18,96
4332.18,96
4334.18,96
4336.18,96
4338.18,96
4340.18,96
4342.19,96
4344.19,96
4346.2,96
4348.19,96
4350.19,96
4352.19,96
4354.19,96
4356.19,96
4358.19,96
4360.19,96
4362.19,96
4364.19,96
4366.19,96
4368.19,96
4370.19,96
4372.19,96
4374.19,96
4376.19,96
4378.18,96
4380.19,96
4382.18,96
4384.18,96
4386.18,96
4388.18,96
4390.18,96
4392.18,96
4394.18,96
4396.18,96
4398.18,96
4400.18,96
4402.18,96
4404.2,96
4406.2,96
4408.2,96
4410.2,96
4412.2,96
4414.19,96
4416.19,96
4418.19,96
4420.19,96
4422.19,96
4424.19,96
4426.19,96
4428.19,96
4430.19,96
4432.19,96
4434.19,96
4436.19,96
4438.19,96
4440.19,96
4442.19,96
4444.19,96
4446.19,96
4448.19,96
4450.18,96
4452.18,96
4454.18,96
4456.18,96
4458.18,96
4460.2,96
4462.18,96
4464.18,96
4466.18,96
4468.18,96
4470.18,96
4472.18,96
4474.18,96
4476.2,96
4478.2,96
4480.2,96
4482.19,96
4484.19,96
4486.19,96
4488.19,96
4490.19,96
4492.19,96
4494.19,96
4496.19,96
4498.19,96
4500.19,96
4502.19,96
4504.19,96
4506.19,96
4508.19,96
4510.19,96
4512.19,96
4514.19,96
4516.2,96
4518.2,96
4520.2,96
4522.2,96
4524.2,96
4526.2,96
4528.2,96
4530.2,96
4532.2,96
4534.2,96
4536.2,96
4538.2,96
4540.2,96
4542.2,96
4544.19,96
4546.2,96
4548.19,96
4550.19,96
4552.19,96
4554.19,96
4556.19,96
4558.19,96
4560.19,96
4562.19,96
4564.19,96
4566.21,96
4568.2,96
4570.2,96
4572.21,96
4574.21,96
4576.2,96
4578.2,96
4580.2,96
4582.2,96
4584.2,96
4586.2,96
4588.2,96
4590.2,96
4592.2,97
4594.2,96
4596.2,96
4598.2,96
4600.2,96
4602.2,96
4604.2,96
4606.2,96
4608.2,96
4610.21,96
4612.21,96
4614.19,96
4616.21,96
4618.21,96
4620.21,96
4622.21,96
4624.21,96
4626.21,96
4628.21,96
4630.21,96
4632.21,96
4634.21,96
4636.21,96
4638.21,96
4640.21,96
4642.21,96
4644.2,96
4646.2,96
4648.21,96
4650.2,96
4652.2,96
4654.22,96
4656.22,96
4658.22,96
4660.22,96
4662.22,96
4664.22,96
4666.22,96
4668.21,96
4670.21,96
4672.21,96
4674.21,96
4676.21,96
4678.21,96
4680.21,96
4682.21,96
4684.21,96
4686.21,96
4688.21,96
4690.21,96
4692.21,96
4694.21,96
4696.21,96
4698.23,96
4700.22,96
4702.22,96
4704.22,96
4706.22,96
4708.22,96
4710.22,96
4712.22,96
4714.22,96
4716.22,96
4718.22,96
4720.22,96
4722.22,96
4724.22,96
4726.22,96
4728.22,96
4730.22,96
4732.22,96
4734.22,96
4736.22,96
4738.21,96
4740.21,96
4742.21,96
4744.23,96
4746.23,96
4748.23,96
4750.23,96
4752.23,96
4754.23,96
4756.23,96
4758.23,96
4760.22,96
4762.22,96
4764.22,96
4766.22,96
4768.22,96
4770.22,96
4772.22,96
4774.22,96
4776.22,96
4778.22,96
4780.22,96
4782.22,96
4784.22,96
4786.22,96
4788.23,97
4790.23,97
4792.23,97
4794.23,97
4796.23,97
4798.23,97
4800.23,97
4802.23,97
4804.23,96
4806.23,96
4808.23,97
4810.23,96
4812.23,97
4814.23,97
4816.23,96
4818.23,97
4820.23,96
4822.23,96
4824.23,96
4826.23,96
4828.23,96
4830.23,96
4832.22,96
4834.22,96
4836.22,96
4838.24,96
4840.22,96
4842.22,96
4844.24,96
4846.24,96
4848.24,96
4850.24,96
4852.24,96
4854.24,96
4856.24,96
4858.23,96
4860.23,96
4862.23,96
4864.23,96
4866.23,96
4868.23,96
4870.23,96
4872.23,96
4874.23,97
4876.23,96
4878.23,96
4880.23,97
4882.23,96
4884.23,96
4886.23,96
4888.23,97
4890.23,97
4892.24,97
4894.22,97
4896.22,96
4898.24,97
4900.24,96
4902.24,96
4904.24,96
4906.24,96
4908.24,96
4910.24,96
4912.24,96
4914.24,96
4916.24,96
4918.24,96
4920.23,96
4922.24,96
4924.24,96
4926.23,96
4928.23,96
4930.23,97
4932.25,97
4934.25,97
4936.25,97
4938.25,97
4940.25,97
4942.25,97
4944.25,97
4946.25,97
4948.25,97
4950.24,96
4952.24,97
4954.24,97
4956.24,97
4958.24,96
4960.24,96
4962.24,97
4964.24,97
4966.24,96
4968.24,97
4970.24,97
4972.24,97
4974.24,97
4976.24,97
4978.24,96
4980.24,97
4982.25,97
4984.25,97
4986.25,97
4988.25,97
4990.25,97
4992.25,97
4994.25,97
4996.25,97
4998.25,97
5000.25,97
5002.25,97
5004.25,97
5006.25,97
5008.25,97
5010.25,97
5012.25,97
5014.25,97
5016.26,97
5018.26,97
5020.26,97
5022.26,97
5024.26,97
5026.26,97
5028.26,97
5030.26,97
5032.26,97
5034.26,97
5036.26,97
5038.26,97
5040.26,97
5042.26,97
5044.25,97
5046.26,97
5048.25,97
5050.27,97
5052.27,97
5054.27,97
5056.27,97
5058.27,97
5060.27,97
5062.27,97
5064.27,97
5066.27,97
5068.27,97
5070.27,97
5072.26,97
5074.26,97
5076.26,97
5078.26,97
5080.26,97
5082.26,97
5084.26,97
5086.26,97
5088.26,97
5090.26,97
5092.26,97
5094.26,97
5096.27,97
5098.27,97
5100.28,97
5102.27,97
5104.27,97
5106.27,97
5108.27,97
5110.27,97
5112.27,97
5114.27,97
5116.27,97
5118.27,97
5120.27,97
5122.27,97
5124.27,97
5126.27,97
5128.27,97
5130.27,97
5132.27,97
5134.26,97
5136.27,97
5138.26,97
5140.26,97
5142.26,97
5144.26,97
5146.26,97
5148.26,97
5150.26,97
5152.26,97
5154.28,97
5156.26,97
5158.26,96
5160.28,97
5162.27,97
5164.28,97
5166.27,97
5168.27,97
5170.28,97
5172.27,97
5174.27,97
5176.27,97
5178.27,97
5180.27,97
5182.27,97
5184.27,97
5186.27,97
5188.27,97
5190.27,97
5192.27,97
5194.27,97
5196.27,97
5198.27,97
5200.27,97
5202.27,97
5204.27,97
5206.27,97
5208.26,97
5210.28,97
5212.28,97
5214.28,97
5216.28,97
5218.28,97
5220.28,97
5222.28,97
5224.28,97
5226.28,97
5228.27,97
5230.28,97
5232.27,97
5234.27,97
5236.27,97
5238.27,97
5240.28,97
5242.27,97
5244.27,97
5246.27,97
5248.29,97
5250.27,97
5252.29,97
5254.27,97
5256.27,97
5258.27,97
5260.27,97
5262.29,97
5264.28,97
5266.28,97
5268.28,97
5270.28,97
5272.28,97
5274.28,96
5276.28,96
5278.28,97
5280.28,97
5282.28,97
5284.28,97
5286.28,97
5288.28,96
5290.28,97
5292.28,97
5294.28,96
5296.28,97
5298.28,97
5300.28,97
5302.27,97
5304.27,97
5306.27,97
5308.27,97
5310.29,97
5312.29,97
5314.29,97
5316.29,97
5318.29,97
5320.29,97
5322.29,96
5324.29,96
5326.28,96
5328.28,96
5330.29,96
5332.28,96
5334.28,96
5336.28,96
5338.28,97
5340.28,97
5342.3,97
5344.28,97
5346.3,97
5348.29,97
5350.29,97
5352.29,97
5354.29,97
5356.29,97
5358.29,97
5360.29,97
5362.29,97
5364.29,97
5366.29,97
5368.29,97
5370.29,97
5372.29,97
5374.31,97
5376.3,97
5378.3,97
5380.3,97
5382.3,98
5384.3,98
5386.3,98
5388.3,98
5390.3,98
5392.3,97
5394.3,97
5396.3,97
5398.3,97
5400.3,97
5402.3,97
5404.3,97
5406.3,97
5408.3,97
5410.3,97
5412.3,97
5414.3,98
5416.29,98
5418.3,98
5420.29,98
5422.29,98
5424.31,98
5426.31,98
5428.31,98
5430.31,98
5432.31,98
5434.31,97
5436.31,97
5438.31,97
5440.31,97
5442.31,97
5444.3,97
5446.3,98
5448.3,98
5450.3,97
5452.3,97
5454.3,97
5456.3,98
5458.3,98
5460.3,98
5462.3,98
5464.3,98
5466.3,98
5468.31,98
5470.32,97
5472.31,97
5474.31,98
5476.31,98
5478.31,98
5480.31,98
5482.31,98
5484.31,98
5486.31,98
5488.31,98
5490.31,98
5492.31,98
5494.31,98
5496.31,98
5498.31,98
5500.31,98
5502.31,98
5504.32,98
5506.32,98
5508.32,98
5510.32,98
5512.32,98
5514.32,98
5516.32,98
5518.32,98
5520.32,98
5522.32,98
5524.32,98
5526.32,98
5528.32,98
5530.32,98
5532.32,98
5534.32,98
5536.31,98
5538.31,98
5540.31,98
5542.31,98
5544.31,98
5546.31,98
5548.31,98
5550.31,98
5552.33,98
5554.33,98
5556.31,98
5558.31,98
5560.32,98
5562.33,98
5564.32,98
5566.32,98
5568.32,98
5570.32,98
5572.32,98
5574.32,98
5576.32,98
5578.32,98
5580.32,98
5582.32,97
5584.32,98
5586.32,98
5588.32,98
5590.32,99
5592.32,99
5594.32,99
5596.32,100
5598.32,100
5600.33,99
5602.33,100
5604.33,100
5606.33,100
5608.33,100
5610.33,100
5612.33,100
5614.33,100
5616.33,100
5618.33,100
5620.33,100
5622.33,99
5624.33,99
5626.33,100
5628.33,100
5630.33,100
5632.32,100
5634.32,99
5636.32,100
5638.33,100
5640.32,100
5642.32,99
5644.32,99
5646.32,100
5648.32,100
5650.32,100
5652.32,100
5654.32,100
5656.32,100
5658.32,99
5660.32,99
5662.32,99
5664.32,99
5666.33,99
5668.33,99
5670.33,99
5672.33,99
5674.33,99
5676.33,99
5678.33,99
5680.33,99
5682.33,99
5684.33,99
5686.33,99
5688.33,99
5690.33,99
5692.33,99
5694.32,99
5696.33,99
5698.32,99
5700.33,99
5702.32,99
5704.32,99
5706.32,99
5708.32,99
5710.32,99
5712.32,99
5714.32,99
5716.32,99
5718.32,99
5720.32,99
5722.32,99
5724.32,99
5726.32,99
5728.32,99
5730.32,99
5732.33,99
5734.34,99
5736.33,99
5738.33,99
5740.33,99
5742.33,99
5744.33,99
5746.33,99
5748.33,99
5750.33,99
5752.33,99
5754.33,99
5756.33,99
5758.33,99
5760.33,99
5762.33,99
5764.33,99
5766.32,99
5768.32,99
5770.32,99
5772.32,99
5774.32,99
5776.32,99
5778.32,99
5780.32,99
5782.32,99
5784.32,99
5786.32,99
5788.32,99
5790.32,99
5792.32,99
5794.32,99
5796.32,99
5798.32,99
5800.33,99
5802.33,99
5804.33,99
5806.33,99
5808.33,99
5810.33,99
5812.33,99
5814.33,99
5816.33,99
5818.33,99
5820.33,99
5822.33,99
5824.33,99
5826.33,99
5828.33,99
5830.33,99
5832.33,99
5834.32,99
5836.33,99
5838.32,99
5840.32,99
5842.32,99
5844.32,99
5846.32,99
5848.32,99
5850.32,99
5852.32,99
5854.32,99
5856.32,99
5858.34,99
5860.33,99
5862.33,99
5864.33,99
5866.32,99
5868.33,99
5870.33,99
5872.33,99
5874.33,99
5876.33,99
5878.33,99
5880.33,99
5882.33,99
5884.33,99
5886.33,99
5888.33,99
5890.33,99
5892.33,99
5894.33,99
5896.33,99
5898.33,99
5900.33,99
5902.33,99
5904.33,99
5906.34,99
5908.34,99
5910.34,99
5912.34,99
5914.34,99
5916.34,99
5918.34,99
5920.34,99
5922.34,99
5924.34,99
5926.34,99
5928.33,99
5930.33,99
5932.33,99
5934.33,99
5936.33,99
5938.33,99
5940.33,99
5942.35,99
5944.35,99
5946.35,98
5948.35,99
5950.35,99
5952.35,99
5954.35,98
5956.35,98
5958.34,98
5960.35,99
5962.34,99
5964.34,99
5966.34,99
5968.34,99
5970.34,99
5972.34,98
5974.34,99
5976.34,98
5978.34,98
5980.34,98
5982.34,99
5984.34,99
5986.34,99
5988.34,99
5990.34,99
5992.34,99
5994.34,99
5996.34,99
5998.35,99
6000.35,99
6002.33,99
6004.35,99
6006.35,99
6008.35,99
6010.35,99
6012.35,99
6014.35,99
6016.35,99
6018.35,99
6020.35,99
6022.35,99
6024.35,99
6026.34,99
6028.34,99
6030.34,99
6032.34,99
6034.34,99
6036.34,99
6038.34,99
6040.34,99
6042.34,99
6044.34,99
6046.34,99
6048.34,99
6050.34,99
6052.34,99
6054.34,99
6056.34,99
6058.34,99
6060.34,99
6062.34,99
6064.34,99
6066.34,99
6068.33,99
6070.35,99
6072.33,99
6074.35,99
6076.35,99
6078.35,99
6080.35,99
6082.35,99
6084.35,99
6086.35,99
6088.35,99
6090.35,99
6092.35,99
6094.34,99
6096.34,99
6098.34,99
6100.34,99
6102.34,99
6104.34,99
6106.34,99
6108.34,99
6110.34,99
6112.34,98
6114.34,98
6116.34,98
6118.34,98
6120.34,98
6122.34,98
6124.34,98
6126.35,98
6128.35,98
6130.34,98
6132.35,98
6134.35,98
6136.35,98
6138.35,98
6140.35,99
6142.35,99
6144.35,99
6146.35,99
6148.35,99
6150.35,99
6152.35,99
6154.35,99
6156.35,98
6158.35,98
6160.35,98
6162.35,98
6164.34,98
6166.34,98
6168.34,98
6170.34,98
6172.36,98
6174.36,98
6176.36,99
6178.36,99
6180.36,99
6182.36,99
6184.36,99
6186.36,99
6188.36,99
6190.35,99
6192.35,99
6194.35,99
6196.35,99
6198.35,99
6200.35,99
6202.35,99
6204.35,99
6206.35,99
6208.35,99
6210.37,99
6212.37,99
6214.36,99
6216.36,99
6218.36,99
6220.36,99
6222.36,99
6224.36,99
6226.36,99
6228.36,99
6230.36,99
6232.36,99
6234.36,99
6236.36,99
6238.36,99
6240.36,98
6242.36,98
6244.36,99
6246.36,99
6248.36,99
6250.36,99
6252.36,99
6254.36,99
6256.36,99
6258.35,99
6260.35,99
6262.37,99
6264.35,99
6266.37,99
6268.37,99
6270.37,99
6272.37,99
6274.37,99
6276.37,99
6278.37,99
6280.37,99
6282.36,99
6284.36,99
6286.36,99
6288.36,99
6290.36,99
6292.36,99
6294.37,99
6296.36,99
6298.36,99
6300.36,99
6302.38,99
6304.38,99
6306.37,99
6308.37,99
6310.37,99
6312.37,99
6314.37,99
6316.37,99
6318.37,99
6320.37,99
6322.37,99
6324.37,99
6326.37,99
6328.37,99
6330.37,99
6332.37,99
6334.37,99
6336.37,99
6338.37,99
6340.37,99
6342.37,99
6344.37,99
6346.37,99
6348.36,99
6350.37,99
6352.37,99
6354.36,99
6356.36,99
6358.36,99
6360.36,99
6362.36,99
6364.38,99
6366.38,99
6368.38,99
6370.38,99
6372.38,99
6374.38,99
6376.37,99
6378.37,99
6380.37,99
6382.37,99
6384.37,99
6386.37,99
6388.37,99
6390.37,99
6392.37,99
6394.39,99
6396.39,99
6398.38,99
6400.38,99
6402.38,99
6404.39,99
6406.38,99
6408.38,99
6410.38,99
6412.38,99
6414.38,99
6416.38,99
6418.38,99
6420.38,99
6422.38,99
6424.38,99
6426.38,99
6428.38,99
6430.38,99
6432.38,99
6434.38,99
6436.38,99
6438.38,99
6440.38,99
6442.38,99
6444.38,99
6446.37,99
6448.37,99
6450.37,99
6452.37,99
6454.37,99
6456.37,99
6458.39,99
6460.37,99
6462.37,99
6464.39,99
6466.38,99
6468.38,99
6470.38,99
6472.38,99
6474.39,99
6476.38,99
6478.38,99
6480.38,99
6482.38,99
6484.38,99
6486.38,99
6488.38,99
6490.38,99
6492.38,99
6494.38,99
6496.38,99
6498.38,99
6500.39,99
6502.38,99
6504.38,99
6506.39,99
6508.37,99
6510.39,99
6512.39,99
6514.39,99
6516.39,99
6518.39,99
6520.39,99
6522.39,99
6524.39,99
6526.39,99
6528.39,99
6530.39,99
6532.39,99
6534.38,99
6536.39,99
6538.38,99
6540.38,99
6542.38,99
6544.38,99
6546.38,99
6548.38,99
6550.38,99
6552.38,99
6554.4,99
6556.4,99
6558.4,99
6560.4,99
6562.4,99
6564.39,99
6566.39,99
6568.39,99
6570.39,99
6572.39,99
6574.39,99
6576.39,99
6578.39,99
6580.39,99
6582.39,99
6584.39,99
6586.39,99
6588.39,99
6590.39,99
6592.39,99
6594.39,99
6596.39,99
6598.39,99
6600.39,99
6602.38,99
6604.38,99
6606.38,99
6608.38,99
6610.4,99
6612.4,99
6614.4,99
6616.4,99
6618.4,99
6620.4,99
6622.4,99
6624.39,99
6626.39,99
6628.4,99
6630.39,99
6632.39,99
6634.39,99
6636.39,99
6638.39,99
6640.39,99
6642.39,99
6644.39,99
6646.41,99
6648.41,99
6650.41,99
6652.41,99
6654.41,99
6656.4,99
6658.4,99
6660.4,99
6662.4,99
6664.4,99
6666.4,99
6668.4,99
6670.4,99
6672.4,99
6674.4,99
6676.4,99
6678.4,99
6680.4,99
6682.4,99
6684.4,99
6686.4,99
6688.4,99
6690.4,99
6692.4,99
6694.39,99
6696.39,99
6698.41,99
6700.41,99
6702.41,99
6704.41,99
6706.41,99
6708.41,99
6710.41,99
6712.41,99
6714.41,99
6716.41,99
6718.41,99
6720.41,99
6722.41,99
6724.41,99
6726.41,99
6728.4,99
6730.4,99
6732.4,99
6734.4,99
6736.4,99
6738.4,99
6740.4,99
6742.4,99
6744.42,99
6746.41,99
6748.41,99
6750.41,99
6752.41,99
6754.41,99
6756.41,99
6758.41,99
6760.41,99
6762.41,99
6764.41,99
6766.41,99
6768.41,99
6770.41,99
6772.41,99
6774.41,99
6776.41,99
6778.41,99
6780.42,99
6782.43,99
6784.42,99
6786.42,99
6788.42,99
6790.42,99
6792.42,99
6794.42,99
6796.42,99
6798.42,99
6800.42,99
6802.42,99
6804.42,99
6806.42,99
6808.42,99
6810.42,99
6812.42,99
6814.42,99
6816.41,99
6818.41,99
6820.41,99
6822.41,99
6824.41,99
6826.41,99
6828.41,99
6830.41,99
6832.41,99
6834.41,99
6836.41,99
6838.41,99
6840.41,99
6842.41,99
6844.42,99
6846.42,99
6848.43,99
6850.42,99
6852.42,99
6854.42,99
6856.42,99
6858.42,99
6860.42,99
6862.42,99
6864.42,99
6866.42,99
6868.42,99
6870.42,99
6872.42,99
6874.42,99
6876.42,99
6878.42,99
6880.41,99
6882.42,99
6884.41,99
6886.41,99
6888.41,99
6890.43,99
6892.43,99
6894.43,99
6896.43,99
6898.43,99
6900.43,99
6902.43,99
6904.43,99
6906.43,99
6908.43,99
6910.42,99
6912.42,99
6914.42,99
6916.42,99
6918.42,99
6920.42,99
6922.42,99
6924.42,99
6926.42,99
6928.42,99
6930.42,99
6932.42,99
6934.42,99
6936.42,99
6938.44,99
6940.43,99
6942.43,99
6944.43,99
6946.43,99
6948.43,99
6950.43,99
6952.43,99
6954.43,99
6956.43,99
6958.43,99
6960.43,99
6962.43,99
6964.43,99
6966.43,99
6968.43,99
6970.43,99
6972.43,99
6974.43,99
6976.43,99
6978.45,99
6980.44,99
6982.44,99
6984.44,99
6986.44,99
6988.44,99
6990.44,99
6992.44,99
6994.44,99
6996.44,99
6998.44,99
7000.44,99
7002.44,99
7004.43,99
7006.44,99
7008.43,99
7010.43,99
7012.43,99
7014.43,99
7016.43,99
7018.43,99
7020.43,99
7022.43,99
7024.43,99
7026.45,99
7028.45,99
7030.45,99
7032.45,99
7034.45,99
7036.44,99
7038.45,99
7040.44,99
7042.44,99
7044.44,99
7046.44,99
7048.45,99
7050.44,99
7052.44,99
7054.44,99
7056.44,99
7058.44,99
7060.44,99
7062.44,99
7064.44,99
7066.44,99
7068.44,99
7070.45,99
7072.45,99
7074.45,99
7076.45,99
7078.45,99
7080.45,99
7082.45,99
7084.45,99
7086.45,99
7088.45,99
7090.45,99
7092.45,99
7094.45,99
7096.45,99
7098.45,99
7100.44,99
7102.44,99
7104.44,99
7106.44,99
7108.45,99
7110.44,99
7112.44,99
7114.46,99
7116.46,99
7118.46,99
7120.46,99
7122.46,99
7124.46,99
7126.45,99
7128.46,99
7130.45,99
7132.45,99
7134.45,99
7136.45,99
7138.45,99
7140.45,99
7142.45,99
7144.45,99
7146.45,99
7148.45,99
7150.45,99
7152.45,99
7154.45,99
7156.45,99
7158.45,99
7160.46,99
7162.46,99
7164.46,99
7166.46,99
7168.46,99
7170.46,99
7172.46,99
7174.44,99
7176.46,99
7178.46,99
7180.46,99
7182.46,99
7184.46,99
7186.46,99
7188.46,99
7190.46,99
7192.46,99
7194.46,99
7196.46,99
7198.45,99
7200.45,99
7202.46,99
7204.45,99
7206.45,99
7208.45,99
7210.45,99
7212.45,99
7214.45,99
7216.45,99
7218.47,99
7220.47,99
7222.46,99
7224.46,99
7226.46,99
7228.46,99
7230.46,99
7232.46,99
7234.46,99
7236.46,99
7238.46,99
7240.46,99
7242.46,99
7244.46,99
7246.46,99
7248.46,99
7250.46,99
7252.46,99
7254.46,99
7256.46,99
7258.46,99
7260.46,99
7262.45,99
7264.45,99
7266.45,99
7268.46,99
7270.45,99
7272.45,99
7274.45,99
7276.47,99
7278.45,99
7280.45,99
7282.47,99
7284.47,99
7286.47,99
7288.47,99
7290.47,99
7292.46,99
7294.46,99
7296.46,99
7298.46,99
7300.46,99
7302.46,99
7304.46,99
7306.46,99
7308.46,99
7310.46,99
7312.46,99
7314.46,99
7316.46,99
7318.46,99
7320.46,99
7322.46,99
7324.46,99
7326.46,99
7328.47,99
7330.47,99
7332.47,99
7334.47,99
7336.47,99
7338.47,99
7340.47,99
7342.47,99
7344.47,99
7346.47,99
7348.47,99
7350.47,99
7352.47,99
7354.47,99
7356.47,99
7358.46,99
7360.47,99
7362.46,99
7364.46,99
7366.46,99
7368.46,99
7370.46,99
7372.46,99
7374.46,99
7376.46,99
7378.48,99
7380.48,99
7382.48,99
7384.47,99
7386.48,99
7388.47,99
7390.47,99
7392.47,99
7394.47,99
7396.47,99
7398.47,99
7400.47,99
7402.47,99
7404.47,99
7406.47,99
7408.47,99
7410.48,99
7412.47,99
7414.47,99
7416.48,99
7418.48,99
7420.48,99
7422.48,99
7424.48,99
7426.48,99
7428.48,99
7430.48,99
7432.48,99
7434.48,99
7436.48,99
7438.49,99
7440.49,99
7442.49,99
7444.49,99
7446.49,99
7448.5,99
7450.49,99
7452.49,99
7454.49,99
7456.49,99
7458.49,99
7460.49,99
7462.49,99
7464.49,99
7466.49,99
7468.49,99
7470.49,99
7472.49,99
7474.49,99
7476.49,99
7478.5,99
7480.5,99
7482.5,99
7484.5,99
7486.5,99
7488.5,99
7490.5,99
7492.5,99
7494.5,99
7496.5,99
7498.5,99
7500.5,99
7502.5,99
7504.49,99
7506.49,99
7508.5,99
7510.49,99
7512.49,99
7514.49,99
7516.49,99
7518.49,99
7520.49,99
7522.49,99
7524.49,99
7526.49,99
7528.49,99
7530.49,99
7532.49,99
7534.49,99
7536.5,99
7538.5,99
7540.5,99
7542.5,99
7544.5,99
7546.5,99
7548.5,99
7550.5,99
7552.5,99
7554.5,99
7556.5,99
7558.5,99
7560.5,99
7562.5,99
7564.5,99
7566.5,99
7568.5,99
7570.49,99
7572.5,99
7574.49,99
7576.49,99
7578.5,99
7580.49,99
7582.49,99
7584.49,99
7586.49,99
7588.49,99
7590.49,99
7592.49,99
7594.49,99
7596.49,99
7598.49,99
7600.5,99
7602.49,99
7604.5,99
7606.5,99
7608.5,99
7610.5,99
7612.5,99
7614.5,99
7616.5,99
7618.5,99
7620.5,99
7622.5,99
7624.5,99
7626.5,99
7628.5,99
7630.5,99
7632.5,99
7634.5,99
7636.5,99
7638.5,99
7640.5,99
7642.49,99
7644.51,99
7646.51,99
7648.51,99
7650.51,99
7652.51,99
7654.51,99
7656.51,99
7658.51,99
7660.51,99
7662.51,99
7664.5,99
7666.5,99
7668.5,99
7670.5,99
7672.5,99
7674.5,99
7676.5,99
7678.5,99
7680.5,99
7682.5,99
7684.5,99
7686.5,99
7688.5,99
7690.5,99
7692.51,99
7694.52,99
7696.51,99
7698.51,99
7700.51,99
7702.51,99
7704.51,99
7706.51,99
7708.51,99
7710.51,99
7712.51,99
7714.51,99
7716.51,99
7718.51,99
7720.51,99
7722.51,99
7724.51,99
7726.51,99
7728.51,99
7730.52,99
7732.52,99
7734.52,99
7736.52,99
7738.52,99
7740.52,100
7742.52,99
7744.52,99
7746.52,99
7748.52,99
7750.52,99
7752.52,99
7754.52,99
7756.52,99
7758.51,99
7760.51,99
7762.52,99
7764.51,99
7766.51,99
7768.51,99
7770.51,99
7772.51,99
7774.51,99
7776.51,100
7778.51,99
7780.51,99
7782.51,99
7784.51,99
7786.51,99
7788.51,99
7790.51,99
7792.51,99
7794.51,99
7796.51,99
7798.5,99
7800.51,99
7802.5,99
7804.5,99
7806.5,99
7808.52,99
7810.52,99
7812.52,99
7814.52,99
7816.52,99
7818.52,99
7820.52,99
7822.52,99
7824.51,99
7826.51,99
7828.51,99
7830.51,99
7832.51,99
7834.51,99
7836.51,99
7838.51,99
7840.51,99
7842.51,99
7844.51,99
7846.51,100
7848.51,100
7850.53,100
7852.53,100
7854.53,99
7856.52,99
7858.52,99
7860.52,99
7862.52,100
7864.52,100
7866.52,100
7868.52,100
7870.52,100
7872.52,100
7874.52,100
7876.52,100
7878.52,100
7880.52,100
7882.52,100
7884.52,100
7886.52,100
7888.52,100
7890.52,100
7892.52,100
7894.52,100
7896.51,100
7898.51,100
7900.53,100
7902.53,100
7904.53,99
7906.53,99
7908.53,99
7910.53,99
7912.53,99
7914.53,99
7916.53,99
7918.53,99
7920.53,99
7922.53,99
7924.52,99
7926.52,99
7928.52,99
7930.52,100
7932.52,100
7934.52,99
7936.52,100
7938.52,100
7940.52,100
7942.52,100
7944.52,100
7946.52,100
7948.52,100
7950.53,99
7952.53,99
7954.53,100
7956.53,100
7958.53,99
7960.53,100
7962.53,100
7964.53,100
7966.53,100
7968.53,100
7970.53,100
7972.53,100
7974.53,100
7976.53,100
7978.53,99
7980.53,100
7982.53,100
7984.53,99
7986.53,99
7988.53,99
7990.52,99
7992.53,99
7994.52,99
7996.52,99
7998.52,99
8000.52,99
8002.52,99
8004.52,99
8006.52,99
8008.52,99
8010.52,99
8012.52,99
8014.52,99
8016.52,99
8018.52,100
8020.53,100
8022.53,99
8024.53,99
8026.53,99
8028.53,99
8030.53,99
8032.53,99
8034.53,99
8036.53,99
8038.53,99
8040.53,99
8042.53,99
8044.53,99
8046.53,99
8048.53,99
8050.53,99
8052.53,99
8054.53,99
8056.53,99
8058.52,99
8060.52,100
8062.52,100
8064.54,99
8066.54,99
8068.54,99
8070.54,100
8072.54,100
8074.54,100
8076.54,100
8078.54,100
8080.54,100
8082.54,100
8084.53,100
8086.53,100
8088.53,100
8090.53,100
8092.53,100
8094.53,100
8096.53,100
8098.53,100
8100.53,100
8102.53,100
8104.55,100
8106.53,100
8108.55,100
8110.54,100
8112.54,100
8114.54,100
8116.54,100
8118.55,100
8120.54,100
8122.54,100
8124.54,100
8126.54,100
8128.54,100
8130.54,100
8132.54,100
8134.54,100
8136.54,100
8138.54,100
8140.54,100
8142.54,100
8144.54,100
8146.54,100
8148.54,100
8150.54,100
8152.55,100
8154.55,100
8156.55,100
8158.55,100
8160.55,100
8162.55,100
8164.55,100
8166.55,100
8168.55,100
8170.55,100
8172.55,100
8174.55,100
8176.54,100
8178.54,100
8180.54,100
8182.55,100
8184.55,100
8186.54,100
8188.54,100
8190.54,100
8192.56,100
8194.56,100
8196.56,100
8198.56,100
8200.56,100
8202.55,100
8204.55,99
8206.55,99
8208.56,99
8210.55,99
8212.55,99
8214.55,99
8216.55,99
8218.55,99
8220.55,99
8222.55,99
8224.55,99
8226.55,100
8228.55,100
8230.55,100
8232.55,99
8234.55,100
8236.55,100
8238.55,100
8240.55,100
8242.55,100
8244.55,100
8246.54,100
8248.56,100
8250.56,100
8252.56,100
8254.56,100
8256.56,100
8258.56,100
8260.56,100
8262.56,100
8264.56,100
8266.56,100
8268.56,100
8270.55,100
8272.55,100
8274.55,100
8276.55,100
8278.55,100
8280.55,100
8282.55,100
8284.55,100
8286.55,100
8288.55,100
8290.55,100
8292.55,100
8294.55,100
8296.55,100
8298.55,100
8300.55,100
8302.55,100
8304.55,100
8306.55,100
8308.56,100
8310.56,100
8312.56,100
8314.56,100
8316.56,100
8318.56,100
8320.56,100
8322.56,100
8324.56,100
8326.56,100
8328.56,100
8330.56,100
8332.56,100
8334.56,100
8336.56,100
8338.56,100
8340.55,100
8342.56,100
8344.55,100
8346.55,100
8348.56,100
8350.55,100
8352.55,100
8354.57,100
8356.57,100
8358.55,100
8360.57,100
8362.57,100
8364.56,100
8366.57,100
8368.57,100
8370.56,100
8372.56,100
8374.56,100
8376.56,100
8378.56,100
8380.56,100
8382.56,100
8384.56,100
8386.56,100
8388.56,100
8390.56,100
8392.56,100
8394.56,100
8396.56,100
8398.58,100
8400.56,100
8402.58,100
8404.57,100
8406.57,100
8408.57,100
8410.57,100
8412.57,100
8414.57,100
8416.57,100
8418.57,100
8420.57,100
8422.57,100
8424.57,100
8426.57,100
8428.57,100
8430.57,100
8432.57,100
8434.57,100
8436.56,100
8438.57,100
8440.56,100
8442.56,100
8444.56,100
8446.56,100
8448.58,100
8450.56,100
8452.58,100
8454.58,100
8456.57,100
8458.58,100
8460.58,100
8462.57,100
8464.57,100
8466.57,100
8468.57,100
8470.57,100
8472.57,100
8474.57,100
8476.57,100
8478.57,100
8480.57,100
8482.57,100
8484.57,100
8486.57,100
8488.57,100
8490.57,100
8492.57,100
8494.57,100
8496.57,100
8498.57,100
8500.56,100
8502.57,100
8504.56,100
8506.58,100
8508.58,100
8510.58,100
8512.58,100
8514.58,100
8516.56,100
8518.58,100
8520.58,100
8522.58,100
8524.58,100
8526.58,100
8528.58,100
8530.58,100
8532.58,100
8534.57,100
8536.57,100
8538.58,100
8540.57,100
8542.57,100
8544.57,100
8546.57,100
8548.57,100
8550.57,100
8552.59,100
8554.59,100
8556.59,100
8558.59,100
8560.58,100
8562.58,100
8564.58,100
8566.58,100
8568.59,100
8570.58,100
8572.58,100
8574.58,100
8576.58,100
8578.58,100
8580.58,100
8582.58,100
8584.58,100
8586.58,100
8588.58,100
8590.59,100
8592.59,100
8594.59,100
8596.59,100
8598.59,100
8600.59,100
8602.59,100
8604.59,100
8606.59,100
8608.59,100
8610.59,100
8612.59,100
8614.59,100
8616.59,100
8618.59,100
8620.58,100
8622.58,100
8624.58,100
8626.58,100
8628.59,100
8630.58,100
8632.59,100
8634.58,100
8636.58,100
8638.58,100
8640.58,100
8642.6,100
8644.6,100
8646.6,100
8648.59,100
8650.59,100
8652.6,100
8654.59,100
8656.59,100
8658.6,100
8660.59,100
8662.59,100
8664.59,100
8666.59,100
8668.59,100
8670.59,100
8672.59,100
8674.59,100
8676.59,100
8678.59,100
8680.59,100
8682.59,100
8684.59,100
8686.6,100
8688.6,100
8690.6,100
8692.6,100
8694.6,100
8696.6,100
8698.6,100
8700.6,100
8702.6,100
8704.6,100
8706.6,100
8708.6,100
8710.6,100
8712.6,100
8714.6,100
8716.59,100
8718.6,100
8720.59,100
8722.59,100
8724.59,100
8726.59,100
8728.59,100
8730.59,100
8732.59,100
8734.59,100
8736.59,100
8738.59,100
8740.6,100
8742.6,100
8744.6,100
8746.6,100
8748.6,100
8750.6,100
8752.6,100
8754.6,100
8756.6,100
8758.6,100
8760.6,100
8762.6,100
8764.6,100
8766.6,100
8768.6,100
8770.6,100
8772.6,100
8774.6,100
8776.6,100
8778.6,100
8780.6,100
8782.6,100
8784.61,100
8786.61,100
8788.61,100
8790.61,100
8792.61,100
8794.61,100
8796.61,100
8798.61,100
8800.61,100
8802.61,100
8804.61,100
8806.61,100
8808.61,100
8810.62,100
8812.62,100
8814.62,100
8816.62,100
8818.62,100
8820.62,100
8822.62,100
8824.62,100
8826.62,100
8828.62,100
8830.62,100
8832.62,100
8834.61,100
8836.61,100
8838.62,100
8840.61,100
8842.61,100
8844.61,100
8846.61,100
8848.61,100
8850.61,100
8852.63,100
8854.63,100
8856.63,100
8858.63,100
8860.62,100
8862.62,100
8864.62,100
8866.62,100
8868.62,100
8870.62,100
8872.62,100
8874.62,100
8876.62,100
8878.62,100
8880.62,100
8882.62,100
8884.62,100
8886.62,100
8888.62,100
8890.62,100
8892.62,100
8894.62,100
8896.62,100
8898.62,100
8900.62,100
8902.62,100
8904.62,100
8906.61,100
8908.62,100
8910.61,100
8912.61,100
8914.61,100
8916.61,100
8918.61,100
8920.61,100
8922.61,100
8924.61,100
8926.61,100
8928.61,100
8930.61,100
8932.62,100
8934.62,100
8936.62,100
8938.62,100
8940.62,100
8942.63,100
8944.62,100
8946.62,100
8948.62,100
8950.62,100
8952.62,100
8954.62,100
8956.62,100
8958.62,100
8960.62,100
8962.62,100
8964.62,100
8966.63,100
8968.63,100
8970.63,100
8972.63,100
8974.63,100
8976.63,100
8978.63,100
8980.63,100
8982.63,100
8984.63,100
8986.63,100
8988.63,100
8990.63,100
8992.63,99
8994.63,99
8996.63,99
8998.62,99
9000.63,99
9002.62,99
9004.62,100
9006.62,99
9008.62,99
9010.64,99
9012.64,99
9014.64,99
9016.64,99
9018.64,99
9020.64,99
9022.64,99
9024.63,99
9026.63,99
9028.63,99
9030.63,99
9032.63,99
9034.63,99
9036.63,99
9038.63,99
9040.63,99
9042.63,99
9044.63,99
9046.63,99
9048.63,99
9050.63,99
9052.65,99
9054.64,99
9056.64,99
9058.64,99
9060.64,99
9062.64,99
9064.64,99
9066.64,99
9068.64,99
9070.64,99
9072.64,99
9074.64,99
9076.64,99
9078.64,99
9080.64,99
9082.64,99
9084.64,99
9086.64,99
9088.64,99
9090.64,99
9092.65,99
9094.65,99
9096.65,99
9098.65,99
9100.65,99
9102.65,99
9104.65,99
9106.65,99
9108.65,99
9110.64,99
9112.65,99
9114.65,99
9116.64,99
9118.64,99
9120.64,99
9122.66,99
9124.66,99
9126.66,99
9128.66,99
9130.64,99
9132.66,99
9134.66,99
9136.66,99
9138.66,99
9140.66,99
9142.66,99
9144.65,99
9146.65,99
9148.65,99
9150.65,99
9152.65,99
9154.65,99
9156.65,99
9158.65,99
9160.65,99
9162.65,99
9164.65,99
9166.65,99
9168.65,99
9170.65,99
9172.65,99
9174.65,99
9176.65,99
9178.64,99
9180.65,99
9182.64,99
9184.64,99
9186.64,99
9188.65,99
9190.64,99
9192.66,99
9194.64,99
9196.66,99
9198.66,99
9200.66,99
9202.66,99
9204.66,99
9206.66,98
9208.66,98
9210.65,98
9212.66,98
9214.65,98
9216.65,98
9218.65,98
9220.65,98
9222.66,98
9224.65,98
9226.65,98
9228.65,98
9230.65,98
9232.65,98
9234.65,98
9236.65,98
9238.66,98
9240.66,98
9242.66,98
9244.66,98
9246.66,98
9248.66,98
9250.66,98
9252.66,98
9254.66,98
9256.66,98
9258.66,98
9260.66,98
9262.66,98
9264.66,98
9266.66,98
9268.66,98
9270.67,98
9272.67,98
9274.67,98
9276.67,98
9278.67,98
9280.67,97
9282.67,97
9284.67,97
9286.67,97
9288.67,97
9290.67,97
9292.67,97
9294.67,97
9296.67,97
9298.67,97
9300.67,97
9302.67,97
9304.66,97
9306.66,97
9308.66,97
9310.66,98
9312.66,98
9314.66,98
9316.66,98
9318.66,98
9320.68,98
9322.68,98
9324.67,98
9326.67,98
9328.68,98
9330.67,98
9332.67,98
9334.67,98
9336.68,98
9338.67,98
9340.67,98
9342.67,98
9344.67,98
9346.67,98
9348.67,98
9350.67,98
9352.67,98
9354.67,98
9356.67,98
9358.67,98
9360.67,98
9362.67,98
9364.67,98
9366.67,98
9368.67,98
9370.67,98
9372.66,98
9374.66,98
9376.66,98
9378.68,98
9380.66,98
9382.68,98
9384.68,98
9386.68,98
9388.68,98
9390.68,98
9392.68,98
9394.67,98
9396.68,98
9398.67,98
9400.67,98
9402.67,98
9404.67,98
9406.67,98
9408.67,98
9410.67,98
9412.67,97
9414.67,97
9416.67,97
9418.67,97
9420.67,98
9422.67,98
9424.67,98
9426.67,98
9428.67,98
9430.67,98
9432.67,97
9434.67,98
9436.66,98
9438.68,98
9440.68,98
9442.68,98
9444.68,98
9446.68,98
9448.68,98
9450.68,98
9452.68,98
9454.68,98
9456.68,98
9458.68,98
9460.68,98
9462.67,98
9464.68,98
9466.67,98
9468.67,98
9470.67,98
9472.67,98
9474.67,98
9476.67,98
9478.67,98
9480.67,98
9482.67,98
9484.67,98
9486.67,98
9488.67,98
9490.67,98
9492.67,98
9494.67,98
9496.67,98
9498.67,98
9500.67,99
9502.67,98
9504.67,98
9506.67,98
9508.67,98
9510.67,98
9512.67,98
9514.67,98
9516.66,98
9518.66,98
9520.66,98
9522.68,98
9524.68,98
9526.68,99
9528.68,98
9530.68,98
9532.68,98
9534.67,98
9536.67,98
9538.67,98
9540.67,98
9542.67,98
9544.67,98
9546.67,98
9548.67,98
9550.67,98
9552.67,98
9554.67,98
9556.67,98
9558.67,98
9560.67,98
9562.67,98
9564.67,98
9566.67,98
9568.67,98
9570.67,98
9572.66,98
9574.67,98
9576.66,99
9578.66,99
9580.68,99
9582.66,99
9584.66,99
9586.68,98
9588.68,98
9590.68,98
9592.68,98
9594.68,99
9596.68,98
9598.68,98
9600.67,98
9602.68,98
9604.68,98
9606.67,99
9608.67,98
9610.67,99
9612.67,99
9614.67,99
9616.67,99
9618.67,99
9620.67,99
9622.67,99
9624.67,99
9626.67,99
9628.67,99
9630.67,99
9632.68,99
9634.67,99
9636.67,99
9638.68,99
9640.67,99
9642.66,99
9644.68,99
9646.68,99
9648.68,99
9650.68,99
9652.68,99
9654.68,99
9656.68,99
9658.68,99
9660.68,99
9662.68,99
9664.68,98
9666.68,99
9668.68,99
9670.67,99
9672.67,99
9674.67,99
9676.67,99
9678.67,99
9680.67,99
9682.67,99
9684.67,99
9686.67,99
9688.67,99
9690.67,99
9692.67,99
9694.67,99
9696.67,99
9698.67,99
9700.67,99
9702.67,99
9704.67,99
9706.68,99
9708.68,99
9710.68,99
9712.68,99
9714.68,99
9716.68,99
9718.68,99
9720.68,99
9722.68,99
9724.68,99
9726.68,99
9728.68,99
9730.68,99
9732.68,99
9734.68,99
9736.68,99
9738.68,99
9740.67,99
9742.67,99
9744.67,99
9746.67,99
9748.67,99
9750.67,99
9752.69,99
9754.69,99
9756.69,99
9758.69,99
9760.69,99
9762.68,99
9764.68,99
9766.68,99
9768.68,99
9770.68,99
9772.68,99
9774.68,99
9776.68,99
9778.68,99
9780.68,99
9782.68,99
9784.68,99
9786.68,99
9788.68,99
9790.68,99
9792.68,99
9794.68,99
9796.68,99
9798.68,99
9800.68,99
9802.69,99
9804.69,99
9806.69,99
9808.69,99
9810.69,99
9812.69,99
9814.69,99
9816.69,99
9818.69,99
9820.69,99
9822.69,99
9824.69,99
9826.69,99
9828.69,99
9830.69,99
9832.69,99
9834.68,99
9836.7,99
9838.7,99
9840.7,99
9842.7,99
9844.7,99
9846.7,99
9848.7,99
9850.7,99
9852.7,99
9854.7,99
9856.7,99
9858.7,99
9860.7,99
9862.69,99
9864.69,99
9866.69,99
9868.69,99
9870.69,99
9872.69,99
9874.69,99
9876.69,99
9878.69,99
9880.69,99
9882.71,99
9884.71,99
9886.69,99
9888.7,99
9890.7,99
9892.7,99
9894.7,99
9896.71,99
9898.7,99
9900.7,99
9902.7,99
9904.7,99
9906.7,99
9908.7,99
9910.7,99
9912.7,99
9914.7,99
9916.7,99
9918.7,99
9920.7,99
9922.7,99
9924.7,99
9926.7,99
9928.69,99
9930.7,99
9932.7,99
9934.69,99
9936.69,99
9938.71,99
9940.71,99
9942.71,99
9944.71,99
9946.71,99
9948.71,99
9950.71,99
9952.71,99
9954.71,99
9956.7,99
9958.7,99
9960.7,99
9962.7,99
9964.7,99
9966.7,99
9968.7,99
9970.7,99
9972.7,99
9974.7,99
9976.7,99
9978.7,99
9980.7,99
9982.7,99
9984.7,99
9986.7,99
9988.71,99
9990.71,99
9992.71,99
9994.71,99
9996.71,99
9998.71,99
10000.7,99
10002.7,99
10004.7,99
10006.7,99
10008.7,99
10010.7,99
10012.7,99
10014.7,99
10016.7,99
10018.7,99
10020.7,99
10022.7,99
10024.7,99
10026.7,99
10028.7,99
10030.7,99
10032.7,99
10034.7,99
10036.7,99
10038.7,99
10040.7,99
10042.7,99
10044.7,99
10046.7,99
10048.7,99
10050.7,99
10052.7,99
10054.7,99
10056.7,99
10058.7,99
10060.7,99
10062.7,99
10064.7,99
10066.7,99
10068.7,99
10070.7,99
10072.7,99
10074.7,99
10076.7,99
10078.7,99
10080.7,99
10082.7,99
10084.7,99
10086.7,99
10088.7,99
10090.7,99
10092.7,99
10094.7,99
10096.7,99
10098.7,99
10100.7,99
10102.7,99
10104.7,99
10106.7,99
10108.7,99
10110.7,99
10112.7,99
10114.7,99
10116.7,99
10118.7,99
10120.7,99
10122.7,99
10124.7,99
10126.7,99
10128.7,99
10130.7,99
10132.7,99
10134.7,99
10136.7,99
10138.7,99
10140.7,99
10142.7,99
10144.7,99
10146.7,99
10148.7,99
10150.7,99
10152.7,99
10154.7,99
10156.7,99
10158.7,99
10160.7,99
10162.7,99
10164.7,99
10166.7,99
10168.7,99
10170.7,99
10172.7,99
10174.7,99
10176.7,99
10178.7,99
10180.7,99
10182.7,99
10184.7,99
10186.7,99
10188.7,99
10190.7,99
10192.7,99
10194.7,99
10196.7,99
10198.7,99
10200.7,99
10202.7,99
10204.7,99
10206.7,99
10208.7,99
10210.7,99
10212.7,99
10214.7,99
10216.7,99
10218.7,99
10220.7,99
10222.7,99
10224.7,99
10226.7,99
10228.7,99
10230.7,99
10232.7,99
10234.7,99
10236.7,99
10238.7,99
10240.7,99
10242.7,99
10244.7,99
10246.7,99
10248.7,99
10250.7,99
10252.7,99
10254.7,99
10256.7,99
10258.7,99
10260.7,99
10262.7,99
10264.7,99
10266.7,100
10268.7,100
10270.7,100
10272.7,100
10274.7,100
10276.7,100
10278.7,100
10280.7,100
10282.7,100
10284.7,100
10286.7,100
10288.7,100
10290.7,100
10292.7,100
10294.7,100
10296.7,100
10298.7,100
10300.7,100
10302.7,100
10304.7,100
10306.7,100
10308.7,100
10310.7,100
10312.7,100
10314.7,100
10316.7,100
10318.7,100
10320.7,100
10322.7,100
10324.7,100
10326.7,100
10328.7,100
10330.7,100
10332.7,100
10334.7,100
10336.7,100
10338.7,100
10340.7,100
10342.7,100
10344.7,100
10346.7,100
10348.7,100
10350.7,100
10352.7,100
10354.7,100
10356.7,100
10358.7,100
10360.7,100
10362.7,100
10364.7,100
10366.7,100
10368.7,100
10370.7,100
10372.8,100
10374.8,100
10376.8,100
10378.8,100
10380.7,100
10382.8,100
10384.7,100
10386.7,100
10388.7,100
10390.7,100
10392.7,100
10394.7,100
10396.7,100
10398.7,100
10400.7,100
10402.7,100
10404.7,100
10406.7,100
10408.7,100
10410.7,100
10412.7,100
10414.8,100
10416.8,100
10418.8,100
10420.8,100
10422.8,100
10424.8,100
10426.8,100
10428.8,100
10430.8,100
10432.8,100
10434.8,100
10436.8,100
10438.8,100
10440.8,100
10442.8,100
10444.8,100
10446.8,100
10448.7,100
10450.7,100
10452.7,100
10454.7,100
10456.7,100
10458.7,100
10460.8,100
10462.7,100
10464.7,100
10466.8,100
10468.8,100
10470.8,100
10472.8,100
10474.8,100
10476.8,100
10478.8,100
10480.8,100
10482.8,100
10484.8,100
10486.8,100
10488.8,100
10490.8,100
10492.8,100
10494.8,100
10496.8,100
10498.8,100
10500.8,100
10502.8,100
10504.8,100
10506.8,100
10508.8,100
10510.8,100
10512.7,100
10514.8,100
10516.8,100
10518.8,100
10520.8,100
10522.8,100
10524.8,100
10526.8,100
10528.8,100
10530.8,100
10532.8,100
10534.8,100
10536.8,100
10538.8,100
10540.8,100
10542.8,100
10544.8,100
10546.8,100
10548.8,100
10550.8,100
10552.8,100
10554.8,100
10556.8,100
10558.8,100
10560.8,100
10562.8,100
10564.8,100
10566.8,100
10568.8,100
10570.8,100
10572.8,100
10574.8,100
10576.8,100
10578.8,100
10580.8,100
10582.8,100
10584.8,100
10586.8,100
10588.8,100
10590.8,100
10592.8,100
10594.8,100
10596.8,100
10598.8,100
10600.8,100
10602.8,100
10604.8,100
10606.8,100
10608.8,100
10610.8,100
10612.8,100
10614.8,100
10616.8,100
10618.8,100
10620.8,100
10622.8,100
10624.8,100
10626.8,100
10628.8,100
10630.8,100
10632.8,100
10634.8,100
10636.8,100
10638.8,100
10640.8,100
10642.8,100
10644.8,100
10646.8,100
10648.8,100
10650.8,100
10652.8,100
10654.8,100
10656.8,100
10658.8,100
10660.8,100
10662.8,100
10664.8,100
10666.8,100
10668.8,100
10670.8,100
10672.8,100
10674.8,100
10676.8,100
10678.8,100
10680.8,100
10682.8,100
10684.8,100
10686.8,100
10688.8,100
10690.8,100
10692.8,100
10694.8,100
10696.8,100
10698.8,100
10700.8,100
10702.8,100
10704.8,100
10706.8,100
10708.8,100
10710.8,100
10712.8,100
10714.8,100
10716.8,100
10718.8,100
10720.8,100
10722.8,100
10724.8,100
10726.8,100
10728.8,100
10730.8,100
10732.8,100
10734.8,100
10736.8,100
10738.8,100
10740.8,100
10742.8,100
10744.8,100
10746.8,100
10748.8,100
10750.8,100
10752.8,100
10754.8,100
10756.8,100
10758.8,100
10760.8,100
10762.8,100
10764.8,100
10766.8,100
10768.8,100
10770.8,100
10772.8,100
10774.8,100
10776.8,100
10778.8,100
10780.8,100
10782.8,100
10784.8,100
10786.8,100
10788.8,100
10790.8,100
10792.8,100
10794.8,100
10796.8,100
10798.8,100
10800.8,100
10802.8,100
10804.8,100
10806.8,100
10808.8,100
10810.8,100
10812.8,100
10814.8,100
10816.8,100
10818.8,100
10820.8,100
10822.8,100
10824.8,100
10826.8,100
10828.8,100
10830.8,100
10832.8,100
10834.8,100
10836.8,100
10838.8,100
10840.8,100
10842.8,100
10844.8,100
10846.8,100
10848.8,100
10850.8,100
10852.8,100
10854.8,100
10856.8,100
10858.8,100
10860.8,100
10862.8,100
10864.8,100
10866.8,100
10868.8,100
10870.8,100
10872.8,100
10874.8,100
10876.8,100
10878.8,100
10880.8,100
10882.8,100
10884.8,100
10886.8,100
10888.8,100
10890.8,100
10892.8,100
10894.8,100
10896.8,100
10898.8,100
10900.8,100
10902.8,100
10904.8,100
10906.8,100
10908.8,100
10910.8,100
10922.8,100
10924.8,100
10926.8,100
10928.8,100
10930.8,100
10932.8,100
10934.8,100
10936.8,98
10938.8,98
10940.8,98
10942.8,98
10944.8,97
10946.8,97
10948.8,97
10950.8,97
10952.8,97
10954.8,97
10956.8,96
10958.8,96
10986.8,80
10988.8,80
10990.8,80
10992.8,79
10994.8,80
10996.8,80
10998.8,79
11000.8,80
11002.8,80
11014.8,84
11016.8,84
11018.8,84
11020.8,84
11022.8,84
11024.8,82
11026.8,77
11028.8,77
11030.8,77
11032.8,77
11034.8,77
11036.8,77
11452.9,80
